NAME	Puit	Barcode	Group	Group.compact	TotalGenEx	Total_mRNA
EPW.E01	E01	GCTAGA	EC-PP/WT	EPW	5767	43827
EPW.E02	E02	GGGATT	EC-PP/WT	EPW	9613	1343924
EPW.E03	E03	GTTCGA	EC-PP/WT	EPW	8932	700321
EPW.E04	E04	TCTGCA	EC-PP/WT	EPW	9425	1064233
EPW.E05	E05	CCAACC	EC-PP/WT	EPW	9702	1199447
EPW.E06	E06	GTACCG	EC-PP/WT	EPW	8607	456864
EPW.E07	E07	ACCGGC	EC-PP/WT	EPW	9434	936480
EPW.E08	E08	ACGGGG	EC-PP/WT	EPW	8616	560701
EPK.E09	E09	AGCGGG	EC-PP/KO	EPK	9527	250571
EPK.E10	E10	AGGGGC	EC-PP/KO	EPK	8947	576895
EPK.E11	E11	CACGGC	EC-PP/KO	EPK	8974	792421
EPK.E12	E12	CAGGGG	EC-PP/KO	EPK	8782	522877
EPK.F01	F01	CCCACG	EC-PP/KO	EPK	9313	980612
EPK.F02	F02	CCCCGT	EC-PP/KO	EPK	8826	603790
EPK.F03	F03	CCCTGG	EC-PP/KO	EPK	9111	669763
EPK.F04	F04	CCGGAC	EC-PP/KO	EPK	8629	568112
EIW.F05	F05	CCGTCG	EC-Ileum/WT	EIW	8798	404391
EIW.F06	F06	CCTGGC	EC-Ileum/WT	EIW	8751	782672
EIW.F07	F07	CGAGGC	EC-Ileum/WT	EIW	8735	889476
EIW.F08	F08	CGCCCT	EC-Ileum/WT	EIW	8407	717420
EIW.F09	F09	CGCGCA	EC-Ileum/WT	EIW	9257	824854
EIW.F10	F10	CGCTGC	EC-Ileum/WT	EIW	9284	802678
EIW.F11	F11	CGGCCA	EC-Ileum/WT	EIW	9222	882431
EIW.F12	F12	CGGGCT	EC-Ileum/WT	EIW	9155	955118
EIK.G01	G01	CGGTGG	EC-Ileum/KO	EIK	6751	72787
EIK.G02	G02	CGTGGG	EC-Ileum/KO	EIK	8157	425128
EIK.G03	G03	CTGCGG	EC-Ileum/KO	EIK	10164	305817
EIK.G04	G04	GACCGC	EC-Ileum/KO	EIK	8954	761648
EIK.G05	G05	GAGCGG	EC-Ileum/KO	EIK	8932	862140
EIK.G06	G06	GCACGG	EC-Ileum/KO	EIK	8814	735154
EIK.G07	G07	GCCAGG	EC-Ileum/KO	EIK	9069	907925
EIK.G08	G08	GCCCTC	EC-Ileum/KO	EIK	9027	678957
ECW.G09	G09	GCCGTG	EC-Colon/WT	ECW	9276	547043
ECW.G10	G10	GCGAGC	EC-Colon/WT	ECW	9128	915416
ECW.G11	G11	GCGCTG	EC-Colon/WT	ECW	8863	540855
ECW.G12	G12	GCGGTC	EC-Colon/WT	ECW	9177	894783
ECW.H01	H01	GCTCGC	EC-Colon/WT	ECW	9568	860598
ECW.H02	H02	GGAGCC	EC-Colon/WT	ECW	9863	967453
ECW.H03	H03	GGCCAC	EC-Colon/WT	ECW	9500	970590
ECW.H04	H04	GGCGTC	EC-Colon/WT	ECW	9771	1035568
ECK.H05	H05	GGGCAG	EC-Colon/KO	ECK	8788	140734
ECK.H06	H06	GGGGAC	EC-Colon/KO	ECK	9286	646260
ECK.H07	H07	GGGTCG	EC-Colon/KO	ECK	9351	791767
ECK.H08	H08	GGTGGC	EC-Colon/KO	ECK	9744	977336
ECK.H09	H09	GTGCGC	EC-Colon/KO	ECK	9075	861372
ECK.H10	H10	TCCCGC	EC-Colon/KO	ECK	8933	698074
ECK.H11	H11	TCGGGC	EC-Colon/KO	ECK	9797	977123
ECK.H12	H12	TGGCCG	EC-Colon/KO	ECK	9586	933110
